Job No,Corpus,Model,Configuration,,FPR/article,FNR/article,TPR/article,TNR/article,FPR/tag,FNR/tag,Magic Number,Sum,Product,Date,0.1385ln(x)+y,,,,
,Old,Jianna's Manual,Old,Old,,,,,1.663,0.836,2.4227206,2.499,1.390268,,0.906444313229194,,,,
,Old,Jianna's Manual,New,New,,,,,2.23753525837008,0.818939970073898,,3.05647522844398,1.83240705752888,,0.930484397736725,,,,
,Old,Jianna's Manual,Lower,Lower,,,,,2.50069766029671,0.767006595798112,,3.26770425609482,1.91805159954448,,0.893951507151156,,,,
,,TF-IDF + NB,"Default, Full Text",,,,,,0.021,0.961,,0.982,0.020181,,0.425942251485668,,,,
,,,"Default, Title",,0.053292505668255,2.24766031133576,,,0.021996967239332,0.927742270955949,,0.949739238195281,0.020407516340762,,0.399108450684012,,,,
,,,"5-0.4, Full Text",,0.450272858892972,1.88565074780221,,,0.185854224747572,0.778319525496341,,0.964173750243913,0.14465397201702,,0.545252743406476,,,,
,,,"5-0.4, Title",,0.085198797193451,2.1350067720739,,,0.035166579750654,0.881243496288388,,0.916410076039041,0.03099031969197,,0.417592712838251,,,,
,,,"3-0.3, Full Text",,0.318352140657951,2.01510693410071,,,0.131402746423979,0.831753745809859,,0.963156492233839,0.109294726547848,,0.550669620151417,,,,
,,,"5-0.3, Full Text",,0.438992056734531,1.89362634678048,,,0.18119797088221,0.781611526636823,,0.962809497519033,0.141626422644739,,0.545030662550224,,,,
,,,"5-0.2, Full Text",,0.448031068909893,1.89625973148816,,,0.184928905508086,0.782698480166537,,0.967627385674623,0.14474357328004,,0.548940420775941,,,,
,,,"10-0.4, Full Text",,0.641317195319544,1.73363654979899,,,0.264709515129208,0.7155742803355,,0.980283795464708,0.189419320786542,,0.531490852373456,,,,
,,,"10-0.1, Full Text",,0.68898756596934,1.72661299304111,,,0.284385894918853,0.712675243295125,,0.997061138213977,0.202674786850995,,0.538522133113283,,,,
,,,"15-0.1, Full Text",,0.77037819428128,1.63893888607467,,,0.317980618269098,0.676486956884203,,0.994467575153301,0.215109740801019,,0.517798525588729,,,,
,,,"20-0.1, Full Text",,0.883276031169503,1.59833877614074,,,0.36458022900763,0.659728891619091,,1.02430912062672,0.240524110389438,,0.519981194323072,,,,
,,,"20-0.05, Full Text","20-0.05, Full Text",0.854222573393287,1.59829925740706,,,0.352588149617123,0.659712579901727,,1.01230072951885,0.232606837826689,,0.515332615287086,,,,
,,TF-IDF + NB,"15-0.02, Full Text",15-0.02,0.66125978537735,1.69164250634994,,,0.272941000863802,0.698240856312503,,0.971181857176304,0.190578558165932,,0.518398658775583,,,,
,,,"25-0.02, Full Text",25-0.02,0.813906283119393,1.593959381927,,,0.335947233502449,0.657921256758621,,0.99386849026107,0.221026826070513,,0.506845294090513,,,,
,,,"50-0.01, Full Text",50-0.01,0.850838336045755,1.55112466723429,,,0.35119127481962,0.640240838020814,,0.991432112840434,0.224846996096112,,0.495311077811724,,,,
,,,"ComplementNB, 5-0.3, Full Text","ComplementNB, 5-0.3",1.49097715457932,2.5418916540027,,,0.615414404194739,1.04918893825508,,1.66460334244981,0.645685985323958,,0.981952809951126,,,,
,,TF-IDF* + NN,"1%, 10 epochs [400,200] ReLU Adam",,0.376077586206896,1.94181034482758,,,0.155229449985647,0.80149991081414,,0.956729360799787,0.124416390319224,,0.543495056431308,,,,
,,,"2%, 10 epochs [400,200] Sigmoid Adam",,0.077061253817137,2.39446739716184,,,0.031807734584474,0.988338233125949,,1.02014596771042,0.031436800198958,,0.510783890817084,,,,
,,,"10%, 4 epochs [800,400] ReLU Adam",,0.538530626908568,1.5264594934435,,,0.222283422574014,0.630060062825032,,0.852343485399046,0.140051907191946,,0.421783481239399,,,,
,,,"10%, 4 epochs [800,400,200] ReLU Adam",,0.491575354769175,1.60811927429495,,,0.202902206209488,0.663765881338092,,0.86666808754758,0.134679561730084,,0.442854065840677,,,,
,,,"20%, 4 epochs [1000,500] ReLU Adam 0.0002","[1000,500] ReLU",0.614424285970899,1.52390874797916,,,0.253609221785995,0.629007219395897,,0.882616441181892,0.159522031408766,,0.438990663336347,,,,
,,,"20%, 4 epochs [1000,500] ReLU Adam 1e-4",,0.333572839949703,1.72381893299802,,,0.137685228725798,0.711521969556878,,0.849207198282676,0.097966065121869,,0.436906226223831,,,,
,,,"20%, 8 epochs [1000,500] ReLU Adam 1e-4",,0.411675947548051,1.60041314891323,,,0.169922997950342,0.660585107879642,,0.830508105829983,0.112248601932259,,0.415106337037186,,,,
,,,"20%, 10 epochs [1000,500] ReLU Adam 1e-4",,0.49338961738818,1.52638764145859,,,0.203651059634437,0.630030405263649,,0.833681464898086,0.128306359633856,,0.4096288122899,,,,
,,,"20%, 20 epochs [1000,500] ReLU Adam 1e-4",,0.545176935512843,1.4890066463086,,,0.225026747002045,0.614601058953558,,0.839627805955603,0.138301677000331,,0.408023321807026,,,,
,,,"50%, 10 epochs [600,300] ReLU Adam 1e-4",,0.479597628884497,1.50218070774205,,,0.197958290726754,0.620038772833339,,0.817997063560093,0.122741815654402,,0.395710471946148,,,,
,,TF-IDF* + NN,"100%, 10 epochs [1000,500] ReLU Adam 1e-5",10 epochs,0.33736065155614,1.35312503368073,,,0.139248682475453,0.558514685383337,,0.697763367858791,0.077772434082822,,0.285462785524572,,,,
,,,"100%, 20 epochs [1000,500] ReLU Adam 1e-5",20 epochs,0.364887245867597,1.25925726336361,,,0.150610535060294,0.519769907996659,,0.670380443056953,0.078282823951617,,0.257581373314799,,,,
,,,"100%, 30 epochs [400,200] ReLU Adam 1e-5","[400,200] 30 epochs",0.351986175628437,1.30369787568843,,,0.145285500783061,0.538113175612751,,0.683398676395812,0.078180042196862,,0.270939127151341,,,,
,,,"100%, 30 epochs [1000,500] ReLU Adam 1e-5",30 epochs,0.377533240643939,1.2134514584209,,,0.155830284616369,0.500863144689858,,0.656693429306227,0.07804964639087,,0.243393336734384,,,,
,,,"100%, 50 epochs [1000,500] ReLU Adam 1e-5",50 epochs,0.395097521456876,1.1664600914679,,,0.163080101542405,0.481467029862172,,0.644547131404577,0.078517692119243,,0.230295371556911,,,,
,,,"100%, 100 epochs [1000,500] ReLU Adam 1e-5",100 epochs,0.444194159131162,1.10985489439516,,,0.183345186040504,0.458102719065153,,0.641447905105658,0.083990928252662,,0.223153446372038,,,,
,,w2v + LSTM RNN,"1%, 2 epochs","1%, 2 epochs",4.83250107005278,0.988443429875873,,,1.99465884347241,0.407989030957954,,2.40264787443036,0.813798928640021,,0.503619545604704,,,,
,,,"10%, 10 epochs","10%, 10 epochs",,,,,1.1562911606768,0.718551433658035,,1.87484259433484,0.830854671230428,,0.738664072315353,,,,
,,,"20%, 20 epochs","20%, 20 epochs",,,,,1.517,0.577,,2.094,0.875309,,0.634717756000746,,,,
,,w2v + CNN + LSTM RNN + NN,"5-gram CNN, 4-Max Pool, 2 Linear Layers, 10%, 10 epochs","Deep, 10%, 10 epochs",,,,,1.32761655168869,0.680836577125165,,2.00845312881385,0.903889908786442,,0.72008543676563,,,,
,,,"5-gram CNN, 4-Max Pool, 2 Linear Layers, 10%, 7 epochs","Deep, 10%, 7 epochs",,,,,1.085,0.704,,1.789,0.76384,,0.715298828198451,,,,
,,w2v + CNN,"5,3-gram CNN, 2 Max Pool layers","5,3-CNN",,,,,1.338,0.606,,1.944,0.810828,,0.646327870696286,,,,
,,w2v + CNN,"5,3-gram CNN, 2 Max Pool layers, 20%","5,3-CNN, 20%",,,,,1.307,0.603,,1.91,0.788121,,0.640081219197929,,,,
,,BERT + LSTM RNN,"10%, 3 epochs","10%, 3 epochs",,,,,0.492799424467825,0.926876581749977,,1.4196760062178,0.456764246039094,,0.828866636451595,,,,
,,,"20%, 3 epochs","20%, 3 epochs",,,,,0.489,0.928,,1.417,0.453792,,0.828918098653244,,,,
,Spacey,BERT + NN,"20%, 7 epochs","20%, 7 epochs",,,,,1.794,0.326,,2.12,0.584844,,0.40694601526367,,,,
,Spacey,DistillBERT + NN,"10%, 7 epochs [256,256]","10%, 7 epochs",,,,,1.294,0.365,,1.659,0.47231,,0.400696740156901,,,,
,Spacey,DistillBERT + NN,"100%, 6 epochs [512,512]","[512,512] 6 epochs",,,,,1.025,0.353,,1.378,0.361825,,0.356419926843766,,,,
,Spacey,DistillBERT + NN,"100%, 10 epochs [1024,1024]","[1024,1024] 10 epochs",,,,,1.26,0.326,,1.586,0.41076,,0.358008973353429,,,,
,,TF-IDF* + NN,"100%, 100 epochs [1000,500] ReLU Adam 1e-5",0.05,,,,,1.53099745303901,0.169016390758297,,1.70001384379731,0.258763663772799,,0.228006235010028,,,,
,,,"100%, 100 epochs [1000,500] ReLU Adam 1e-5",0.1,,,,,0.923126733265751,0.225612215885831,,1.14873894915158,0.208268667835535,,0.214533774275161,,,,
,,,"100%, 100 epochs [1000,500] ReLU Adam 1e-5",0.2,,,,,0.525555203258204,0.300437196050498,,0.825992399308702,0.157896331636644,,0.211340139795031,,,,
,,,"100%, 100 epochs [1000,500] ReLU Adam 1e-5",0.3,,,,,0.354612589519501,0.357929146552224,,0.712541736071725,0.126926181523389,,0.21434212707138,,,,
,,,"100%, 100 epochs [1000,500] ReLU Adam 1e-5",0.4,,,,,0.253721078744412,0.410014573201683,,0.663735651946095,0.104029339813661,,0.22005909052559,,,,
,,,"100%, 100 epochs [1000,500] ReLU Adam 1e-5",0.5,,,,,0.184049563771526,0.459862663576373,,0.643912227347899,0.084637522626044,,0.225444462355169,,,,
,,,"100%, 100 epochs [1000,500] ReLU Adam 1e-5",0.6,,,,,0.131315116086939,0.512789138126859,,0.644104254213798,0.06733696520125,,0.231612618277826,,,,
,,,"100%, 100 epochs [1000,500] ReLU Adam 1e-5",0.7,,,,,0.089762884035125,0.571574664957776,,0.661337548992901,0.05130619036802,,0.237708821509491,,,,
,,,"100%, 100 epochs [1000,500] ReLU Adam 1e-5",0.8,,,,,0.054568378682934,0.643772300794455,,0.698340679477389,0.035129610695335,,0.240972652597715,,,,
,,,"100%, 100 epochs [1000,500] ReLU Adam 1e-5",0.9,,,,,0.024493101174341,0.749144438440503,,0.773637539614844,0.018348870524918,,0.235397554106559,,,,
,,,"100%, 100 epochs [1000,500] ReLU Adam 1e-5",0.95,,,,,0.010890453883036,0.834219782935212,,0.845110236818248,0.009085032074372,,0.208217972968057,,,,
,Spacey,doc2vec + NN,"20%, embed size 100, 100 epochs [400,200] ReLU Adam 1e-5","20%, 100[400,200] 100 epochs",0.253673432728579,1.69784444045266,,,0.104706020466652,0.700800761116515,,0.805506781583167,0.073378058836511,,0.388261846611011,,,,
,Spacey,doc2vec + NN,,0.3,,,,,0.298019979661422,0.580786026200873,,0.878806005862295,0.173085839716022,,0.413118653480923,,,,
,Spacey,doc2vec + NN,,0.4,,,,,0.176257701740742,0.64635550637076,,0.822613208111502,0.113925136060384,,0.405946078921943,,,,
,Spacey,doc2vec + NN,"10%, embed size 1000, 100 epochs [400,200] ReLU Adam 1e-5","10%, 1000[400,200] 100 epochs",0.251266391234057,1.71208909646128,,,0.103712492160283,0.706680372660917,,0.8103928648212,0.073291582609422,,0.392820992799228,,,,
,Spacey,doc2vec + NN,"10%, embed size 1000, 100 epochs [500,250] ReLU Adam 1e-5","10%, 1000[500,250] 100 epochs",0.262906412789653,1.65352972875875,,,0.108517017104512,0.682509460132857,,0.791026477237368,0.074063890759228,,0.37492197354305,,,,
,Spacey,doc2vec + NN,"10%, embed size 1000, 100 epochs [1000,500] ReLU Adam 1e-5","10%, 1000[1000,500] 100 epochs",0.301598706664271,1.5977366624753,,,0.124487613909863,0.659480363718086,,0.783967977627949,0.082097136899673,,0.37090881964293,,,,
,Spacey,DistillBERT + NN,"5-gram CNN, [512,512] 10 epochs","5-gram CNN, [512,512] 10 epochs",,,,,0.94,0.36,,1.3,0.3384,,0.351430256585045,,,,
,Spacey,DistillBERT + NN,"5,3,2-gram CNN, [512,512] 10 epochs","5,3,2-gram CNN, [512,512] 10 epochs",,,,,1.092,0.335,,1.427,0.36582,,0.347189506509196,,,,
,Spacey,RUM,"1000 samples, 2 epochs","1000 samples, 2 epochs",,,,,0.021304347826087,0.932608695652173,,0.95391304347826,0.019868620037807,19-Jun,0.399543787274956,,,,
,Spacey,RUM,,0.25,,,,,0.109565217391304,0.880434782608695,,0.989999999999999,0.096465028355387,,0.574178691563489,,,,
,Spacey,RUM,,0.15,,,,,0.304782608695652,0.832173913043478,,1.13695652173913,0.25363213610586,,0.667614235732231,,,,
,Spacey,doc2vec + NN,"20%, embed size 2000, 100 epochs [1000,500] ReLU Adam 1e-5","20%, 2000[1000,500] 100 epochs",0.343398598886294,1.45270343093227,,,0.141740900245077,0.599616576064227,,0.741357476309305,0.084990193293215,,0.329021573072425,,,,
,Spacey,doc2vec + NN,"20%, embed size 2000, 100 epochs [1500,500] ReLU Adam 1e-5","20%, 2000[1500,500] 100 epochs",0.358056403808155,1.44212322615412,,,0.147791042767439,0.595249500150418,,0.743040542917857,0.087972544334027,,0.33044361131845,,,,
,Spacey,DistillBERT + NN,"5,3,2-gram CNN, Max over, [512,512] 10 epochs","Max over, 10 epochs",,,,,1.165,0.331,,1.496,0.385615,22-Jun,0.352151870551946,,,,
,Spacey,DistillBERT + NN,"5,3,2-gram CNN, Max over, [512,512] 7 epochs pos_weight=5","Max over, 7 epochs",,,,,0.636,0.421,,1.057,0.267756,,0.358320894883581,,,,
,Spacey,TF-IDF + NB,"50-0.01, Full Text",50-0.01,0.865194414206625,1.54600160230502,,,0.357116876872482,0.63812624629725,,0.995243123169731,0.227885652128034,23-Jun,0.495513881502333,,,,
,Spacey,DistillBERT + NN,"5,3,2-gram CNN, Mean over, [512,512] 7 epochs pos_weight=8",,,,,,0.92,0.364,,1.284,0.33488,,0.352451647161941,,,,
,Spacey,DistillBERT + NN,"5,3,2-gram CNN, Mean over, [512,512] 7 epochs pos_weight=5",,,,,,0.544,0.442,,0.986,0.240448,,0.357680364550522,,,,
,Spacey,DistillBERT + NN,"5,4,3,2-gram CNN, Mean over, [512,512] 7 epochs pos_weight=5",,,,,,0.638,0.416,,1.054,0.265408,,0.353755746104227,,,,
,Spacey,DistillBERT + NN,"5,4,3,2-gram CNN, Mean over, [512,512] 7 epochs pos_weight=3",,,,,,0.346,0.501,,0.847,0.173346,,0.354007664206469,,,,
,Spacey,DistillBERT + NN,"5,4,3,2-gram CNN, Max over, [512,512] 7 epochs pos_weight=5",,,,,,0.549,0.44,,0.989,0.24156,,0.356947528010044,,,,
,Spacey,DistillBERT + NN,"5,4,3,2-gram CNN, Stack, [512,512] 7 epochs pos_weight=5",,,,,,0.625,0.411,,1.036,0.256875,,0.345904497349466,,,,
,Spacey,DistillBERT + NN,"5,4,3,2-gram CNN, Stack, [512,512] 7 epochs pos_weight=3",,,,,,0.316,0.512,,0.828,0.161792,,0.352446190442761,,,,
,Spacey,TF-IDF* + NN,"15 keywords 100%, 50 epochs [1000,500] ReLU Adam 1e-5",,0.377845797901196,1.39844224337073,,,0.155959295471874,0.577219776548204,,0.733179072020078,0.090022789682891,24-Jun,0.319864584382662,,,,
,Spacey,DistillBERT + NN,"On all Corpus; Distilbert; 4 CNN bias (5, 4, 3, 2 -grams), Stack; 2 Linear (1024); Epochs = 7; pos_weight = 3",,,,,,0.314,0.516,,0.83,0.162024,,0.355566822409267,,,,
,Spacey,DistillBERT + NN,"On all Corpus; Distilbert; 4 CNN bias (5, 4, 3, 2 -grams), Stack; 2 Linear (1024); Epochs = 7; pos_weight = 5",,,,,,0.573,0.428,,1.001,0.245244,,0.350873565625965,,,,
,Spacey,DistillBERT + NN,"On all Corpus; Distilbert; 4 CNN bias (5, 4, 3, 2 -grams), Stack; 2 Linear (512); ReLU; Epochs = 7; pos_weight = 5",,,,,,0.57,0.422,,0.992,0.24054,,0.344146529835735,,,,
,Spacey,DistillBERT + NN,On all Corpus; Distilbert; 2 Linear (512); ReLU; Epochs = 7; pos_weight = 5,,,,,,0.665,0.394,,1.059,0.26201,,0.33749639899181,,,,
,Spacey,TF-IDF* + NN,"10 keywords 100%, 50 epochs [1000,500] ReLU Adam 1e-5",,0.32030652166884,1.50089994934416,,,0.132209434991736,0.619510128136179,,0.751719563127915,0.081905084012542,25-Jun,0.339273662208687,,,,
,Spacey,TF-IDF* + NN,"8 keywords 100%, 50 epochs [1000,500] ReLU Adam 1e-5",,0.312341700527036,1.53623688247487,,,0.128921882501447,0.634095769225254,,0.763017651726702,0.081748820254723,,0.350371785348125,,,,
,Spacey,TF-IDF* + NN,"20 keywords 100%, 50 epochs [1000,500] ReLU Adam 1e-5",,0.362289787281434,1.38724047867964,,,0.149538410364544,0.572596146117567,,0.722134556482111,0.085625117471285,,0.309418169999014,,,,
,Spacey,RUM,"10000 points, 10 epochs, weighted classes",0.6,,,,,1.5,0.99,,2.49,1.485,,1.04615691747298,,,,
,Spacey,RUM,,0.66,,,,,0.026686999618757,0.999618757148303,,1.02630575676706,0.026676825390919,,0.497753101960577,,,,
,Spacey,RUM,,0.75,,,,,0.02420892108273,0.999809378574151,,1.02401829965688,0.024204306343675,,0.484446159329551,,,,
,Spacey,RUM,"10000 points, 60 epochs, weighted classes",0.6,,,,,0.025924513915364,0.999618757148303,,1.02554327106367,0.02591463037975,,0.493738328103631,,,,
,Spacey,TF-IDF* + NN,"20 keywords 100%, 50 epochs [1000,500] ReLU Adam 1e-5",0.4,,,,,0.21535199572979,0.520584484905996,,0.735936480635786,0.112108907770471,,0.307920310985602,,,,
,Spacey,TF-IDF* + NN,,0.3,,,,,0.318355969396832,0.464709981614376,,0.783065951011208,0.147943196685229,,0.306184942266585,,,,
,Spacey,DistillBERT + NN,On all Corpus; Distilbert; 2 Linear (512); ReLU; Epochs = 7; pos_weight = 5; threshold = 0.7,,,,,,0.349,0.489,,0.838,0.170661,26-Jun,0.34320335508601,,,,
,Spacey,TF-IDF* + NN,"20 keywords 100%, 50 epochs [1000,500] ReLU Adam 1e-5",0.2,,,,,0.504170867682818,0.40067018563549,,0.904841053318308,0.202006235146481,,0.305819839377236,,,,
,Spacey,TF-IDF* + NN,,0.1,,,,,1.0299018444932,0.304236106992467,,1.33413795148567,0.313333327752972,,0.308316801893708,,,,
,Spacey,doc2vec + NN,"20%, embed size 2000, 100 epochs [1500,500] ReLU Adam 1e-5",0.4,,,,,0.214160323361066,0.541268366082492,,0.755428689443558,0.115918208305342,,0.327835659855904,,,,
,Spacey,doc2vec + NN,,0.3,,,,,0.318352805806337,0.486280757656222,,0.804633563462559,0.15480884360949,,0.327754341989145,,,,
,Spacey,doc2vec + NN,,0.2,,,,,0.510628724848055,0.421232371511181,,0.931861096359236,0.215093348729477,,0.32814478766979,,,,
,Spacey,doc2vec + NN,,0.1,,,,,1.01739983477901,0.32825131291674,,1.34565114769575,0.333962831527484,,0.330640464371792,,,,
,Spacey,RUM,,0.5,,,,,0.310522302706824,0.930804422417079,,1.2413267251239,0.289035532618647,,0.768828734489347,,,,
,Spacey,RUM,,0.3,,,,,0.554517727792603,0.904689287075867,,1.45920701486847,0.50166624782762,,0.823021861558338,,,,
,Spacey,doc2vec + NN,"20%, embed size 2000, 50 epochs [500] ReLU Adam 1e-5",,0.270540686186455,1.62730375426621,,,0.111668133001575,0.671684450227653,,0.783352583229228,0.075005748523111,,0.368061439446923,,,,
,Spacey,DistillBERT + NN,On all Corpus; Distilbert; 1 Linear (512); Epochs = 7; pos_weight = 5; threshold = 0.7,,,,,,0.251,0.551,,0.802,0.138301,,0.359551125930726,,,,
,Spacey,doc2vec + NN,"100% embed size 100, 100 epochs [1000,500] ReLU Adam 1e-5",,0.322896795030698,1.43136494113505,,,0.133278593920693,0.590808919994757,,0.72408751391545,0.078742182132705,29-Jun,0.311687979409651,,,,
,Spacey,doc2vec + NN,"100% embed size 200, 100 epochs [1000,500] ReLU Adam 1e-5",,0.358028949268723,1.34299386741105,,,0.147779710656162,0.554332954204893,,0.702112664861055,0.081919163579575,,0.289516445259842,,,,
,Spacey,DistillBERT + NN,"On all Corpus; Distilbert; 1 Linear; Epochs = 7; pos_weight = 5, None (for epoch >= 4); threshold = 0.7",,,,,,0.109,0.657,,0.766,0.071613,,0.35002757554971,,,,
,Spacey,DistillBERT + NN,"On all Corpus; Distilbert; 1 Linear; Epochs = 7; pos_weight = 10, None (for epoch >= 5); threshold = 0.5",,,,,,0.111,0.655,,0.766,0.072705,,0.350545826742732,,,,
,Spacey,DistillBERT + NN,On all Corpus; Distilbert; 2 Linear (512); ReLU; Epochs = 7; pos_weight = 7; threshold = 0.7,,,,,,0.382,0.469,,0.851,0.179158,,0.335716648152985,,,,
,Spacey,DistillBERT + NN,On all Corpus; Distilbert; 2 Linear (512); ReLU; Epochs = 7; pos_weight = 7; threshold = 0.7; lr = 0.005,,,,,,0.436,,,0.436,0,,,,,,
,Spacey,DistillBERT + NN,On all Corpus; Distilbert; 2 Linear (512); ReLU; Epochs = 100; pos_weight = 7; threshold = 0.7; lr = 0.001,,,,,,0.454,0.452,,0.906,0.205208,,0.342632355789701,,,,
,Spacey,doc2vec + NN,"100% embed size 500, 100 epochs [1000,500] ReLU Adam 1e-5",,0.424341384377166,1.26232176152959,,,0.175150772390826,0.521034807533972,,0.696185579924799,0.091259648982081,,0.279752832987876,,,,
,Spacey,doc2vec + NN,"100% embed size 1000, 100 epochs [1000,500] ReLU Adam 1e-5",,0.447926883157475,1.24591070921756,,,0.184885901889584,0.514260996178247,,0.699146898067831,0.095079608085051,30-Jun,0.280470726064499,,,,
,Spacey,doc2vec + NN,"100% embed size 1000, 50 epochs [1000,500] ReLU Adam 1e-5",,0.356498496491814,1.31189262400799,,,0.147148002329205,0.541495632640425,,0.68864363496963,0.079680000613028,,0.276085813991139,,,,
,Spacey,doc2vec + NN,"100% embed size 1000, 50 epochs [400,200] ReLU Adam 1e-5",,0.343618981925568,1.37593093562398,,,0.141831865352351,0.567928029185033,,0.709759894537384,0.080550291765198,,0.297421882877074,,,,
,Spacey,doc2vec + NN,"100% embed size 1000, 50 epochs [500,250] ReLU Adam 1e-5",,0.348756417303457,1.3599007002001,,,0.143952388609507,0.561311403469348,,0.705263792078854,0.080802117283167,,0.292860638849685,,,,
,Spacey,doc2vec + NN,"100% embed size 1000, 50 epochs [600,300] ReLU Adam 1e-5",,0.371411429536301,1.31886229158358,,,0.153303451308542,0.544372426429849,,0.697675877738391,0.083454171768901,,0.284638393209599,,,,
,Spacey,doc2vec + NN,"100% embed size 1000, 50 epochs [1200,600] ReLU Adam 1e-5",,0.40138100011137,1.26343906390897,,,0.165673664603079,0.521495984270316,,0.687169648873395,0.086398150789853,1-Jul,0.272509645029063,,,,
,Spacey,doc2vec + NN,"100% embed size 1000, 50 epochs [800,400] ReLU Adam 1e-5",,0.350836539739679,1.32676963093095,,,0.144810978096145,0.547636252785794,,0.692447230881939,0.079303741406819,,0.280009103680021,,,,
,Spacey,doc2vec + NN,"100% embed size 1000, 50 epochs [1000,300] ReLU Adam 1e-5",,0.378165540382756,1.29894484981084,,,0.156091272094172,0.536151320879032,,0.692242592973204,0.083688541710979,,0.2789132812854,,,,
,Spacey,doc2vec + NN,"100% embed size 1000, 50 epochs [1000,500] eLU Adam 1e-5",,0.367743372528731,1.30420443400191,,,0.151789427360601,0.538322262171672,,0.690111689532273,0.081711627910501,2-Jul,0.277213604679273,,,,
,Spacey,doc2vec + NN,"100% embed size 2000, 50 epochs [1000,500] ReLU Adam 1e-5",,0.409410488271917,1.26198764859942,,,0.168987908994507,0.520896899378088,,0.689884808372594,0.088025277827625,,0.274653856000476,1000,500,,
,Spacey,doc2vec + NN,"100% embed size 2000, 50 epochs [1000,600] ReLU Adam 1e-5",,0.387887148867069,1.27121706921885,,,0.160103954565404,0.52470642682398,,0.684810381389385,0.084007573920402,,0.270983850545607,1000,600,,
,Spacey,doc2vec + NN,"100% embed size 2000, 50 epochs [1000,700] ReLU Adam 1e-5",,0.415852041861116,1.2438485498421,,,0.171646718924632,0.513409821108592,,0.685056540033224,0.088125111256972,,0.26932893403503,1000,700,,
,Spacey,doc2vec + NN,"100% embed size 2000, 50 epochs [1200,500] ReLU Adam 1e-5",,0.394727482405181,1.27297744917351,,,0.162927364552553,0.52543303968832,,0.688360404240873,0.085607420405255,,0.274131604756188,1200,500,,
,Spacey,doc2vec + NN,"100% embed size 2000, 50 epochs [1200,600] ReLU Adam 1e-5",,0.417583680918559,1.24709627122784,,,0.172361468721799,0.514750347699128,,0.687111816420927,0.088723125954479,,0.271244987563063,1200,600,,
,Spacey,doc2vec + NN,"100% embed size 2000, 50 epochs [1200,700] ReLU Adam 1e-5",,0.452212869455252,1.21225511857416,,,0.186654981781742,0.500369344518786,,0.687024326300528,0.093396430885296,,0.267898010907059,1200,700,,
,Spacey,doc2vec + NN,"100% embed size 2000, 50 epochs [1400,500] ReLU Adam 1e-5",,0.413667733672475,1.25274745014352,,,0.170745125819492,0.517082923282,,0.687828049101492,0.088289388794896,,0.272272632540732,1400,500,,
,Spacey,doc2vec + NN,"100% embed size 2000, 50 epochs [1400,600] ReLU Adam 1e-5",,0.417163345296731,1.24984102691225,,,0.172187971364395,0.515883270614139,,0.688071241978535,0.088828893827878,,0.272238427528832,1400,600,,
,Spacey,doc2vec + NN,"100% embed size 2000, 50 epochs [1400,700] ReLU Adam 1e-5",,0.406608250793069,1.25630054356221,,,0.16783125994515,0.518549494961247,,0.686380754906397,0.087028815083267,,0.271355219956567,1400,700,,
,Spacey,doc2vec + NN,"100% embed size 2000, 50 epochs [1200,800] ReLU Adam 1e-5",,0.457411379239731,1.2074697591872,,,0.18880071405664,0.498394143834497,,0.687194857891137,0.094097170237601,,0.267505884651543,,800,,
,Spacey,doc2vec + NN,"100% embed size 2000, 50 epochs [1200,900] ReLU Adam 1e-5",,0.417245975376236,1.24156724112534,,,0.172222077682518,0.512468190151741,,0.684690267834259,0.088258336454133,,0.268850777886693,,900,,
,Spacey,doc2vec + NN,"100% embed size 2000, 50 epochs [1200,1000] ReLU Adam 1e-5",,0.394091590054212,1.26410010454501,,,0.162664894191353,0.521768834815294,,0.684433729006647,0.084873472307576,,0.270244101251672,,1000,,
,Spacey,doc2vec + NN,"100% embed size 2000, 50 epochs [1200,1100] ReLU Adam 1e-5",,0.425221574354497,1.23218693079551,,,0.175514078822996,0.50859638160319,,0.684110460426187,0.089265825409793,,0.267601393099095,,1100,,
,Spacey,doc2vec + NN,"100% embed size 2000, 50 epochs [1200,400] ReLU Adam 1e-5",,0.400306809077812,1.27844540486942,,,0.165230282467492,0.527689988217965,,0.692920270685457,0.087190365808522,,0.278332493159004,,400,,
,Spacey,doc2vec + NN,"100% embed size 2000, 50 epochs [1200,300] ReLU Adam 1e-5",,0.406622621241678,1.27235951988331,,,0.167837191478736,0.525177983744106,,0.693015175222842,0.088144397818076,,0.277988603553926,,300,,
,Spacey,doc2vec + NN,"100% embed size 2000, 50 epochs [1200,200] ReLU Adam 1e-5",,0.412205540526461,1.28296850356926,,,0.170141592277071,0.529556938414302,,0.699698530691373,0.09009966070318,,0.284256223854634,,200,,
,,,"^ are 1000, 2000 without ReLU?",,,,,,,,,,,,,,,,
,Spacey,doc2vec + NN,"100% embed size 2000, 40 epochs [1200,800] ReLU Adam 1e-5",,0.413290509396477,1.24138042529342,,,0.170589423062848,0.512391080215118,,0.682980503277967,0.087408498756447,,0.267454433478763,,,,
,Spacey,doc2vec/TF-IDF + NN,"50 epochs [500TF-IDF+800doc2vec,1000,750] ReLU Adam 1e-5",,0.373035290229172,1.00335190713816,,,0.15397371460381,0.414142640772593,,0.568116355376403,0.063767080775588,,0.155012828262022,1000,750,0.501282826202157,
,Spacey,doc2vec/TF-IDF + NN,"50 epochs [500TF-IDF+800doc2vec,1200,1000] ReLU Adam 1e-5",,0.368720563034176,1.00616851506561,,,0.152192771644479,0.415305221355533,,0.567497993000012,0.063206452716523,,0.154564106543488,1200,1000,0.45641065434881,
,Spacey,doc2vec/TF-IDF + NN,"50 epochs [500TF-IDF+800doc2vec,1200,800] ReLU Adam 1e-5",,0.344718321244193,1.02582728876338,,,0.142285627671715,0.423419559301795,,0.56570518697351,0.060246517763737,,0.153355808384538,1200,800,0.335580838453838,
,Spacey,doc2vec/TF-IDF + NN,"50 epochs [500TF-IDF+800doc2vec,1200,600] ReLU Adam 1e-5",,0.377357202648473,1.00338424064753,,,0.155757623329935,0.414155986723162,,0.569913610053096,0.064507952179864,,0.15662158326769,1200,600,0.662158326768976,
,Spacey,doc2vec/TF-IDF + NN,"50 epochs [500TF-IDF+800doc2vec,1200,400] ReLU Adam 1e-5",,0.353437590937995,1.02480698691211,,,0.145884585675292,0.422998420417158,,0.56888300609245,0.06170894930386,,0.156394302580616,1200,400,0.639430258061626,
,Spacey,doc2vec/TF-IDF + NN,"50 epochs [500TF-IDF+800doc2vec,1200,200] ReLU Adam 1e-5",,0.336839722794046,1.05442088888409,,,0.139033664382945,0.435221828255429,,0.574255492638374,0.060510485601797,,0.16195590108178,1200,200,1.19559010817802,
,Spacey,doc2vec/TF-IDF + NN,"50 epochs [500TF-IDF+800doc2vec,1000,1000] ReLU Adam 1e-5",,,,,,,,,,,,,,,,
,Spacey,doc2vec/TF-IDF + NN,"50 epochs [500TF-IDF+800doc2vec,1000,800] ReLU Adam 1e-5",,0.356236235804691,1.01700383331716,,,0.147039751841253,0.419777597679716,,0.566817349520969,0.061723993791343,,0.154265853011787,1000,800,0.42658530117868,
,Spacey,doc2vec/TF-IDF + NN,"50 epochs [500TF-IDF+800doc2vec,1000,600] ReLU Adam 1e-5",,0.336401424111457,1.04572676747536,,,0.138852752608558,0.43163325043563,,0.570486003044188,0.059933464940366,,0.158186988544195,1000,600,0.818698854419456,
,Spacey,doc2vec/TF-IDF + NN,"50 epochs [500TF-IDF+800doc2vec,1000,400] ReLU Adam 1e-5",,0.360845557196181,1.01780139321499,,,0.148942291239106,0.420106797793765,,0.569049089032871,0.062571669028527,,0.156375602601398,1000,400,0.637560260139804,
,Spacey,doc2vec/TF-IDF + NN,"50 epochs [500TF-IDF+800doc2vec,1000,200] ReLU Adam 1e-5",,0.356455385145985,1.03736316638464,,,0.147130207728446,0.428181097888316,,0.575311305616762,0.062998373877702,,0.162754529427974,1000,200,1.27545294279743,
,Spacey,doc2vec/TF-IDF + NN,"50 epochs [500TF-IDF+800doc2vec,800,800] ReLU Adam 1e-5",,0.35941929017169,1.01855224915483,,,0.148353586530651,0.420416720423655,,0.568770306954306,0.062370328312303,,0.156137009662858,800,800,0.613700966285821,
,Spacey,doc2vec/TF-IDF + NN,"50 epochs [500TF-IDF+800doc2vec,800,600] ReLU Adam 1e-5",,0.361790414192255,1.01720861220985,,,0.149332289572415,0.419862122033325,,0.56919441160574,0.062698971987969,,0.156493108558203,800,600,0.64931085582028,
,Spacey,doc2vec/TF-IDF + NN,"50 epochs [500TF-IDF+800doc2vec,800,400] ReLU Adam 1e-5",,0.337188206172826,1.04459868725951,,,0.139177504072416,0.431167625049092,,0.570345129121508,0.060008833891164,,0.158044911383926,800,400,0.804491138392601,
,Spacey,doc2vec/TF-IDF + NN,"50 epochs [500TF-IDF+800doc2vec,800,200] ReLU Adam 1e-5",,0.338298323327908,1.05738120129765,,,0.139635715041969,0.43644372417424,,0.576079439216209,0.06094313150065,,0.163776241983531,800,200,1.3776241983531,
,Spacey,doc2vec/TF-IDF + NN,"50 epochs [500TF-IDF+800doc2vec,600,600] ReLU Adam 1e-5",,0.385013059145173,0.998958142475812,,,0.158917647848115,0.412329074378536,,0.571246722226651,0.065526366639627,,0.157576447241991,600,600,0.757644724199082,
,Spacey,doc2vec/TF-IDF + NN,"50 epochs [500TF-IDF+800doc2vec,600,400] ReLU Adam 1e-5",,0.344901544463964,1.04236048988859,,,0.142361254724942,0.430243788693005,,0.572605043417947,0.061250045595949,,0.160253633151396,600,400,1.02536331513961,
,Spacey,doc2vec/TF-IDF + NN,"50 epochs [500TF-IDF+800doc2vec,600,200] ReLU Adam 1e-5",,0.330006574480238,1.07000204778892,,,0.136213220162588,0.441653093546536,,0.577866313709124,0.060158990066743,,0.165548658695261,600,200,1.55486586952605,
17341983,Spacey,doc2vec + NN,"100% embed size 2000, 40 epochs [1200,800] ReLU Adam 1e-5",,0.384761576294507,1.26908305760035,,,0.158813846010352,0.523825594086396,,0.682639440096748,0.083190757235518,,0.268982471954425,,,,
,Spacey,doc2vec/TF-IDF + NN,,0.4,,,,,0.21236994288328,0.367709301738451,,0.580079244621731,0.078090403407846,17-Jul,0.153113868398878,,,,
,Spacey,doc2vec/TF-IDF + NN,,0.3,,,,,0.301992402258531,0.318156166556274,,0.620148568814805,0.096080745031695,,0.152322717885156,,,,
,Spacey,doc2vec/TF-IDF + NN,,0.2,,,,,0.458527261872584,0.262956703566305,,0.721483965438889,0.120572817277299,,0.154963332630095,,,,
,Spacey,doc2vec/TF-IDF + NN,,0.1,,,,,0.832254164946432,0.192587004238458,,1.02484116918489,0.160281336392013,,0.167155994601881,,,,
,Spacey,TF-IDF* + NN,"20 keywords 100%, 50 epochs [500,500] ReLU Adam 1e-5",,0.349165975088827,1.40799499908388,,,0.14412143731672,0.581162763499795,,0.725284200816515,0.083758012790548,,0.312874549216396,A,,,
,Spacey,TF-IDF* + NN,"20 keywords 100%, 50 epochs [1000,500] ReLU Adam 1e-5",,0.362534084907795,1.38323471612975,,,0.149639246435513,0.570942731130346,,0.720581977565859,0.085435440044179,,0.30785811623741,B,,,
,Spacey,TF-IDF* + NN,"20 keywords 100%, 50 epochs [1000,1000] ReLU Adam 1e-5",,0.367890669626979,1.38224315517569,,,0.151850225579862,0.570533455312878,,0.722383680892741,0.086635633890119,,0.309480261943157,,,,
,Spacey,TF-IDF* + NN,"20 keywords 100%, 50 epochs [1500,500] ReLU Adam 1e-5",,0.375564489184441,1.37185691344319,,,0.155017664515025,0.566246439413274,,0.721264103928299,0.087778200577795,,0.308052495167127,C,,,
,Spacey,TF-IDF* + NN,"20 keywords 100%, 50 epochs [1500,1000] ReLU Adam 1e-5",,0.390836683444165,1.35843132182978,,,0.161321401834023,0.560704904160133,,0.722026305994156,0.090453701154324,,0.308031512395019,,,,
,Spacey,TF-IDF* + NN,"20 keywords 100%, 50 epochs [1500,1500] ReLU Adam 1e-5",,0.407477662933942,1.35265799410093,,,0.16819011772713,0.558321910541781,,0.726512028268911,0.093904227863658,,0.311423460892286,,,,
,Spacey,TF-IDF* + NN,"20 keywords 100%, 50 epochs [2000,500] ReLU Adam 1e-5",,0.395751376868607,1.35288432866653,,,0.163349986320588,0.558415332195768,,0.721765318516356,0.091217136875385,,0.307472691077862,D,,,
,Spacey,TF-IDF* + NN,"20 keywords 100%, 50 epochs [2000,1000] ReLU Adam 1e-5",,0.391354019594106,1.36659014402782,,,0.161534937043135,0.564072532353842,,0.725607469396977,0.09111742100154,,0.311582346722312,,,,
,Spacey,TF-IDF* + NN,"20 keywords 100%, 50 epochs [2000,1500] ReLU Adam 1e-5",,0.388469152035753,1.36228978728143,,,0.160344181675655,0.562297520928096,,0.722641702603752,0.090161135851465,,0.308782600474424,,,,
,Spacey,TF-IDF* + NN,"20 keywords 100%, 50 epochs [2000,2000] ReLU Adam 1e-5",,0.443439710579165,1.32890364254946,,,0.183033780527216,0.548517085523382,,0.731550866050598,0.100397155847115,,0.313332375330236,,,,
,Spacey,TF-IDF* + NN,"20 keywords 100%, 50 epochs [2500,500] ReLU Adam 1e-5",,0.393236548361948,1.34878875081282,,,0.16231196794296,0.556724845123627,,0.719036813066586,0.090363105214755,,0.304899288268783,E,,,
,Spacey,TF-IDF* + NN,"20 keywords 100%, 50 epochs [2500,1000] ReLU Adam 1e-5",,0.419232689896496,1.334881749171,,,0.173042112200844,0.550984603495343,,0.724026715696187,0.095343539578979,,0.308025093194517,,,,
,Spacey,TF-IDF* + NN,"20 keywords 100%, 50 epochs [2500,1500] ReLU Adam 1e-5",,0.410305048697857,1.35256458618496,,,0.169357146960263,0.558283355573466,,0.727640502533729,0.094549276295324,,0.31234260405831,,,,
,Spacey,TF-IDF* + NN,"20 keywords 100%, 50 epochs [2500,2000] ReLU Adam 1e-5",,0.426967583860549,1.33687564891557,,,0.17623476015375,0.551807603780465,,0.728042363934215,0.097247680703266,,0.311380148089082,,,,
,Spacey,TF-IDF* + NN,"20 keywords 100%, 50 epochs [2500,2500] ReLU Adam 1e-5",,0.436031744320978,1.3354924932369,,,0.179976074963402,0.551236693672766,,0.731212768636168,0.099209416503028,,0.313718701172,,,,
,Spacey,TF-IDF* + NN,"20 keywords 100%, 50 epochs [3000,500] ReLU Adam 1e-5",,,,,,,,,,,,,F,,,
,Spacey,TF-IDF* + NN,"20 keywords 100%, 50 epochs [3500,500] ReLU Adam 1e-5",,0.386848883955034,1.35993303370948,,,0.159675401263783,0.561324749419921,,0.721000150683704,0.089629754602919,,0.307230950504898,G,,,
,Spacey,TF-IDF* + NN,"20 keywords 100%, 50 epochs [4000,500] ReLU Adam 1e-5",,0.402580932570262,1.34477221042647,,,0.166168947657547,0.555066981486214,,0.721235929143762,0.092234896193016,,0.306494071692811,H,,,
,Spacey,TF-IDF* + NN,"20 keywords 100%, 50 epochs [4500,500] ReLU Adam 1e-5",,0.393197029628272,1.35599553079048,,,0.162295656225597,0.559699509217233,,0.72199516544283,0.090836799137555,,0.307860032955152,I,,,
,Spacey,TF-IDF* + NN,"20 keywords 100%, 50 epochs [1000,700] ReLU Adam 1e-5",,0.363809462221886,1.38564535888399,,,0.150165670041311,0.571937745889472,,0.722103415930783,0.08588541483341,,0.309339512241982,B,,,
,Spacey,TF-IDF* + NN,"20 keywords 100%, 50 epochs [1500,700] ReLU Adam 1e-5",,0.387915889764288,1.35994381154593,,,0.160115817632577,0.561329198070108,,0.721445015702685,0.089877683510034,,0.307616883711496,C,,,
,Spacey,TF-IDF* + NN,"20 keywords 100%, 50 epochs [2000,700] ReLU Adam 1e-5",,0.378697246981307,1.36672307067745,,,0.156310738836871,0.564127399039514,,0.720438137876385,0.088179170541989,,0.307083955817228,D,,,
,Spacey,TF-IDF* + NN,"20 keywords 100%, 50 epochs [2500,700] ReLU Adam 1e-5",,0.395593301933903,1.34683436980193,,,0.163284739451137,0.55591815655587,,0.719202896007007,0.090772951349382,,0.304920183344796,E,,Precision,Recall
,Spacey,doc2vec/TF-IDF + NN,"50 epochs [500TF-IDF+800doc2vec,1200,800] ReLU Adam 1e-5","(#162, #91)",0.359534253760566,1.01787683807019,1.40948593312711,535.213102975042,0.148401038799342,0.420137938345094,,0.568538977144437,0.062348906489426,20-Jul,0.155902521008621,,,0.796760796498817,0.580665547750771
,Spacey,TF-IDF* + NN,"20 keywords 100%, 50 epochs [2500,500] ReLU Adam 1e-5",,0.391440242285763,1.3523957334138,,,0.161570526244654,0.558213660053825,,0.719784186298479,0.090190874811851,,0.305753985230625,,,,
,Spacey,doc2vec + NN,"100% embed size 2000 neighbors=10, 40 epochs [1200,800] ReLU Adam 1e-5",,0.415762226557307,1.28019141437547,,,0.171609646839717,0.528410669548717,,0.700020316388434,0.090680368387594,,0.284299866154336,,,,
17431361,Spacey,TF-IDF + NB,"50-0.01, Full Text, bigrams",,0.729526601496682,1.45789278926814,0.949293872081451,534.863286737154,0.303061915935352,0.605641769659233,,0.908703685594585,0.183546955083404,,0.440297955700444,50,,,
17363521,Spacey,doc2vec/TF-IDF + NN,"50 epochs [500TF-IDF+800doc2vec,1200,800] ReLU Adam 1e-5","(#162, #191)",0.353376516531404,0.973529633661338,1.45028004411727,535.22281380569,0.145859376657549,0.401833225697316,,0.547692602354866,0.058611143820503,,0.135205172839545,,,0.804077713994335,0.598347327933121
17373309,Spacey,doc2vec/TF-IDF + NN,"50 epochs [500TF-IDF+800doc2vec,1200,800] ReLU Adam 1e-5","(#192, #191)",0.394774186363162,0.954000194001056,1.47293146373796,535.178294155897,0.16294664203671,0.393772271553334,,0.556718913590043,0.064163869376783,22-Jul,0.142487222902432,,,,
17373315,Spacey,TF-IDF* + NN,"20 keywords 100%, 50 epochs [2500,700] ReLU Adam 1e-5 bigrams",,0.355032710733647,1.41226302232089,,,0.146542985903388,0.582924428974967,,0.729467414878355,0.085423486378019,,0.316943977266656,,,,
17373413,Spacey,TF-IDF* + NN,"20 keywords 100%, 50 epochs [2500,500] ReLU Adam 1e-5 bigrams",,0.336864871079112,1.42328515640437,,,0.139044044566721,0.587473915235777,,0.726517959802497,0.081684749251829,,0.314218328016805,2500,,,
17373414,Spacey,TF-IDF* + NN,"20 keywords 100%, 50 epochs [2750,500] ReLU Adam 1e-5 bigrams",,0.340798781385957,1.4225055595673,,,0.140667801886011,0.58715212953871,,0.72781993142472,0.082593399434901,,0.315504575142366,2750,,,
17373415,Spacey,TF-IDF* + NN,"20 keywords 100%, 50 epochs [2750,700] ReLU Adam 1e-5 bigrams",,0.357860096497562,1.40659747295661,,,0.147710015136521,0.580585921858513,,0.728295936995034,0.085758355305772,,0.315704078461489,,,,
17373416,Spacey,TF-IDF* + NN,"20 keywords 100%, 50 epochs [3000,500] ReLU Adam 1e-5 bigrams",,0.335230232549784,1.42264567144124,,,0.138369332621262,0.587209961991176,,0.725579294612439,0.081251850549276,,0.313280666895152,3000,,,
17373418,Spacey,TF-IDF* + NN,"20 keywords 100%, 50 epochs [3000,700] ReLU Adam 1e-5 bigrams",,0.326424740164326,1.43686523034032,,,0.134734785416166,0.593079214474967,,0.727813999891133,0.079908400697073,,0.315463307013567,,,,
17373419,Spacey,TF-IDF* + NN,"20 keywords 100%, 50 epochs [3250,500] ReLU Adam 1e-5 bigrams",,0.336139163424334,1.4284189991701,,,0.138744502120605,0.589592955609533,,0.728337457730138,0.081802781079861,,0.316038676127245,3250,,,
17373420,Spacey,TF-IDF* + NN,"20 keywords 100%, 50 epochs [3250,700] ReLU Adam 1e-5 bigrams",,0.335312862629289,1.43006441553589,,,0.138403438939385,0.590272116205183,,0.728675555144567,0.081695690792825,,0.316376955428493,,,,
17373421,Spacey,TF-IDF* + NN,"20 keywords 100%, 50 epochs [3500,500] ReLU Adam 1e-5 bigrams",,0.34163586001746,1.42457131155491,,,0.141013313717422,0.58800478749176,,0.729018101209182,0.082916503565922,,0.316697003211332,3500,,,
17373422,Spacey,TF-IDF* + NN,"20 keywords 100%, 50 epochs [3500,700] ReLU Adam 1e-5 bigrams",,0.340209592992969,1.42185170415557,,,0.140424609008967,0.586882244760527,,0.727306853769493,0.082412709754802,,0.314995038060748,,,,
17373423,Spacey,TF-IDF* + NN,"20 keywords 100%, 50 epochs [3750,500] ReLU Adam 1e-5 bigrams",,0.341510118592127,1.41779564503554,,,0.14096141279854,0.58520806940575,,0.72616948220429,0.082491756244541,,0.313849299865507,3750,,,
17383966,Spacey,TF-IDF* + NN,"20 keywords 100%, 50 epochs [500,500] ReLU Adam 1e-5 bigrams",,0.305109772264315,1.46966577929146,,,0.125936838224067,0.606617939886036,,0.732554778110103,0.076395545359245,23-Jul,0.319649432627313,500,,,
17383967,Spacey,TF-IDF* + NN,"20 keywords 100%, 50 epochs [1000,500] ReLU Adam 1e-5 bigrams",,0.317788100550028,1.45352776550301,,,0.131169933730711,0.599956827668453,,0.731126761399163,0.078696297326559,,0.318627097124928,1000,,,
17383968,Spacey,TF-IDF* + NN,"20 keywords 100%, 50 epochs [1500,500] ReLU Adam 1e-5 bigrams",,0.310954952236221,1.44891125888722,,,0.128349489510355,0.598051322503808,,0.726400812014163,0.076759581944357,,0.31371105116762,1500,,,
17383969,Spacey,TF-IDF* + NN,"20 keywords 100%, 50 epochs [2000,500] ReLU Adam 1e-5 bigrams",,0.329561090573345,1.42648258121997,,,0.136029342621409,0.588793681458758,,0.724823024080166,0.080093217428474,,0.31250215577888,2000,,,
17383970,Spacey,TF-IDF* + NN,"20 keywords 100%, 50 epochs [4000,500] ReLU Adam 1e-5 bigrams",,0.342663347093037,1.42322408199777,,,0.141437418368852,0.58744870621803,,0.728886124586883,0.083087228431601,,0.316556842533257,4000,,,
17383971,Spacey,TF-IDF* + NN,"20 keywords 100%, 50 epochs [4500,500] ReLU Adam 1e-5 bigrams",,0.339764109086075,1.4206050677387,,,0.140240731467787,0.586367684221903,,0.72660841568969,0.082232632944352,,0.314299001298136,4500,,,
17383972,Spacey,TF-IDF* + NN,"20 keywords 100%, 50 epochs [5000,500] ReLU Adam 1e-5 bigrams",,0.350761094884479,1.41908180018609,,,0.144779837544816,0.585738941661738,,0.730518779206554,0.084803188817459,,0.318082005931924,5000,,,
17383973,Spacey,TF-IDF* + NN,"20 keywords 100%, 50 epochs [5500,500] ReLU Adam 1e-5 bigrams",,0.356448199921681,1.4111313494929,,,0.147127241961653,0.582457320705037,,0.72958456266669,0.085695339155706,,0.317027960412568,5500,,,
17384217,Spacey,TF-IDF* + NN,"20 keywords 100%, 50 epochs [2000,500] ReLU Adam 1e-5 bigrams",,0.324754175513474,1.43358517544521,,,0.134045244636742,0.591725341933862,,0.725770586570603,0.079317968217284,,0.313398804241139,,,,
17384570,Spacey,doc2vec/TF-IDF bi + NN,"50 epochs [500TF-IDFbi+800doc2vec,1200,800] ReLU Adam 1e-5","(#192, #215)",0.415525114155251,0.971147731804317,1.45068241667834,535.162644737362,0.171511776535541,0.400850074005363,,0.572361850540904,0.068750508317063,,0.156660260461381,,,0.777342494181424,0.599002542596653
17384582,Spacey,doc2vec/TF-IDF bi + NN,"50 epochs [500TF-IDFbi+800doc2vec,1200,800] ReLU Adam 1e-5","(#162, #215)",0.368731340870633,0.985794811549529,1.43655985830737,535.208913989272,0.152197220294669,0.40689578961335,,0.559093009908019,0.061928408128756,,0.146158723147621,,,0.795749660199681,0.593042743155458
17384584,Spacey,doc2vec/TF-IDF/TF-IDF bi + NN,"50 epochs [500TF-IDF+500TF-IDFbi+800doc2vec,1200,800] ReLU Adam 1e-5","(#162, #191, #215)",0.354062705452507,0.910899626009074,1.51052096468821,535.22451670385,0.146142607386302,0.375982119444179,,0.522124726830482,0.054947007266201,,0.109622746050096,,,0.810111655957071,0.623816023738872
,Spacey,GPT2 + NN,On all corpus; GPT; ReLU (64); epochs = 3;,,,,,,0.94,0.48,,1.42,0.4512,,0.471430256585045,,,,
,Spacey,GPT2 + NN,On 10% corpus; GPT; ReLU (128); epochs = 3;,,,,,,0.92,0.42,,1.34,0.3864,,0.408451647161941,,,,
17414795,Spacey,doc2vec/TF-IDF/TF-IDF bi + NN,"50 epochs [500TF-IDF+500TF-IDFbi+800doc2vec,400,400] ReLU Adam 1e-5","400,400",,,,,,,"(#162, #191, #215)",,,27-Jul,,,,,
17414797,Spacey,doc2vec/TF-IDF/TF-IDF bi + NN,,"600,400",0.369489382034783,0.914215607025712,1.51184304596028,535.204451964979,0.152510108691354,0.377350820819253,"(#162, #191, #215)",0.529860929510607,0.057549814697916,,0.116898191608881,,,,
17414798,Spacey,doc2vec/TF-IDF/TF-IDF bi + NN,,"600,600",0.358316358240913,0.914851499376681,1.51071496574444,535.216117176637,0.147898341327891,0.377613291180453,"(#162, #191, #215)",0.525511632508344,0.055848379428955,,0.112907918985701,,,,
17414799,Spacey,doc2vec/TF-IDF/TF-IDF bi + NN,,"800,400",0.356441014697376,0.919794933698342,1.50296929394393,535.22079475766,0.14712427619486,0.379653738734191,"(#162, #191, #215)",0.52677801492905,0.05585628151594,,0.114221586553317,,,,
17414800,Spacey,doc2vec/TF-IDF/TF-IDF bi + NN,,"800,600",0.352079583544399,0.921296645578033,1.51053174252467,535.216092028352,0.145324055751373,0.380273583993975,"(#162, #191, #215)",0.525597639745347,0.055262899521115,,0.113136284930666,,,,
17414801,Spacey,doc2vec/TF-IDF/TF-IDF bi + NN,,"800,800",0.375629156203183,0.893094640181929,1.52461478216196,535.206661421453,0.155044356416164,0.36863294933057,"(#162, #191, #215)",0.523677305746735,0.057154458382751,,0.110462850818937,,,,
17414802,Spacey,doc2vec/TF-IDF/TF-IDF bi + NN,,"1,000,400",0.358729508638435,0.917211845560788,1.50777261639165,535.216286029409,0.148068872918501,0.378587545572027,"(#162, #191, #215)",0.526656418490528,0.056057031173832,,0.114041776379069,,,,
17414803,Spacey,doc2vec/TF-IDF/TF-IDF bi + NN,,"1,000,600",,,,,,,"(#162, #191, #215)",,,,,,,,
17414804,Spacey,doc2vec/TF-IDF/TF-IDF bi + NN,,"1,000,800",0.340978411993576,0.923761177514559,1.49712411397202,535.238136296519,0.140741946055842,0.381290842004051,"(#162, #191, #215)",0.522032788059892,0.053663615116921,,0.109716269925017,,,,
17414805,Spacey,doc2vec/TF-IDF/TF-IDF bi + NN,,"10,001,000",0.385490876561439,0.882374285519258,1.53716377641019,535.194971061509,0.159114871339864,0.36420802527508,"(#162, #191, #215)",0.523322896614945,0.057950913082591,,0.109627175899996,,,,
17414806,Spacey,doc2vec/TF-IDF/TF-IDF bi + NN,,"1,200,400",0.36784755828115,0.909387136292927,1.52420522437659,535.198560081049,0.151832430979103,0.375357825534206,"(#162, #191, #215)",0.527190256513309,0.056991491137888,,0.114288401061689,,,,
17414807,Spacey,doc2vec/TF-IDF/TF-IDF bi + NN,,"1,200,600",0.373998110286007,0.89232222856917,1.52753557584183,535.206144085303,0.154371127354102,0.368314129400299,"(#162, #191, #215)",0.522685256754401,0.056857067375969,,0.109541330783935,,,,
17414808,Spacey,doc2vec/TF-IDF/TF-IDF bi + NN,,"1,200,800",0.364226205231561,0.901663020165332,1.51796126445577,535.216149510147,0.150337684515318,0.37216962623149,"(#162, #191, #215)",0.522507310746808,0.055951119854574,,0.109729953258221,,,,
17414809,Spacey,doc2vec/TF-IDF/TF-IDF bi + NN,,"12,001,000",0.384657390542089,0.887181200579129,1.53770626084519,535.190455148033,0.15877084239185,0.366192123259747,"(#162, #191, #215)",0.524962965651598,0.05814063188721,,0.11131149301472,,,,
17414810,Spacey,doc2vec/TF-IDF/TF-IDF bi + NN,,"12,001,200",0.357486464833715,0.910845736826789,1.51251127182062,535.219156526518,0.147555795263273,0.37595987619323,"(#162, #191, #215)",0.523515671456504,0.055475058518774,,0.110933353299734,,,,
17414811,Spacey,doc2vec/TF-IDF/TF-IDF bi + NN,,"1,400,800",,,,,,,"(#162, #191, #215)",,,,,,,,
17414812,Spacey,doc2vec/TF-IDF/TF-IDF bi + NN,,"1,600,800",,,,,,,"(#162, #191, #215)",,,,,,,,
,Spacey,GPT2 + RUM?,On all corpus; GPT; ReLU (?); epochs = 1; Jamie,,,,,,0.65,0.76,,1.41,0.494,,0.700336566121195,,,,
17425896,Spacey,TF-IDF + NB,"Full Text, bigrams","10,0.01",,,,,,,,,,28-Jul,,,,,
17425902,Spacey,TF-IDF + NB,"Full Text, bigrams","20,0.01",,,,,,,,,,,,,,,
17425911,Spacey,TF-IDF + NB,"Full Text, bigrams","50,0.01",,,,,,,,,,,,,,,
17425916,Spacey,TF-IDF + NB,"Full Text, bigrams","100,0.01",,,,,,,,,,,,,,,
"17425919, 17431284",Spacey,TF-IDF + NB,"Full Text, bigrams","200,0.01",1.65472841648434,1.19947619714818,1.22363651387287,533.922158872495,0.683004229412315,0.495094728277039,,1.17809895768935,0.338151793372958,,0.442291017833944,200,,,
17425925,Spacey,TF-IDF + NB,"Full Text, bigrams","10,0.05",,,,,,,,,,,,,,,
17425929,Spacey,TF-IDF + NB,"Full Text, bigrams","20,0.05",,,,,,,,,,,,,,,
17425934,Spacey,TF-IDF + NB,"Full Text, bigrams","50,0.05",,,,,,,,,,,,,,,
17425938,Spacey,TF-IDF + NB,"Full Text, bigrams","100,0.05",,,,,,,,,,,,,,,
17425940,Spacey,TF-IDF + NB,"Full Text, bigrams","200,0.05",,,,,,,,,,,,,,,
"17425966, 17430999",Spacey,TF-IDF + NB,"Full Text, bigrams","10,0.1",0.153440465027717,1.9705836916964,0.451735052038987,535.424240791237,0.063333949869299,0.813376371875649,,0.876710321744948,0.051514338361244,,0.431208646010563,10,,,
17425985,Spacey,TF-IDF + NB,"Full Text, bigrams","20,0.1",,,,,,,,,,,,,,,
17425992,Spacey,TF-IDF + NB,"Full Text, bigrams","50,0.1",,,,,,,,,,,,,,,
"17436708, 17448011",Spacey,TF-IDF + NB,"Full Text, bigrams","100,0.1",1.21241319350886,1.31298837071446,1.11843045960287,534.356167976174,0.500434591388235,0.54194791207639,,1.04238250346463,0.271209481933656,,0.446067357096775,100,,,
"17426002, 17431197",Spacey,TF-IDF + NB,"Full Text, bigrams","200,0.1",1.70866430272787,1.19533032272435,1.22528911546296,533.870716259085,0.705266757845651,0.493383480837349,,1.198650238683,0.347966967904759,,0.445022166095028,200,,,
17432338,Spacey,TF-IDF + NB,"Full Text, bigrams","1000,0.1",1.84006409220079,1.29675694901005,1.12850055146597,533.734678407323,0.759503218076732,0.535248244890496,,1.29475146296723,0.406522764464254,,0.497148180190408,1000,,,
,Spacey,GPT2 + RUM?,On all corpus; GPT; ReLU (?); epochs = 3; Jamie,,,,,,0.64,0.71,,1.35,0.4544,,0.648189236285964,,,,
"17436925, 17448341",Spacey,TF-IDF + NB,"Full Text, bigrams","200,0.01",1.65494038060133,1.20432622355388,1.21640458561015,533.924328810235,0.683091719532715,0.497096620862464,,1.18018834039518,0.339562585518842,,0.444310650581326,200,,,
"17448584, 17450673",Spacey,TF-IDF + NB,"Full Text, bigrams","75,0.01",0.994959565150225,1.36531476671373,1.05637526989499,534.583350398241,0.410678625158107,0.563546108748045,,0.974224733906153,0.231436341153849,29-Jul,0.440288822605602,75,,,
17451417,Spacey,TF-IDF* + NN,"20 keywords 100%, 50 epochs [2500,500] ReLU Adam 1e-5 bigrams","keywords from 100,0.1 TF-IDF + NB",0.326863038846915,1.41998713844849,,,0.134915697190553,0.586112628277685,,0.721028325468238,0.079075793876271,,0.308682563498782,,,,
"17451746, 17451958",Spacey,TF-IDF + NB,"Full Text, bigrams","400,0.01",1.89262400798997,1.18990907098642,1.23323238093185,533.684234540092,0.781197802169169,0.491145809791861,,1.27234361196103,0.383682027153998,,0.456946435057749,400,,,
17452760,Spacey,TF-IDF + NB,"Full Text, bigrams","600,0.05",2.01107602326575,1.21236648955088,1.21096896342362,533.56558852376,0.83008995063886,0.50041531390408,,1.33050526454294,0.415389723217567,,0.474623676346797,600,,,
,Spacey,BERT + NN,,,,,,,1,0.38,,1.38,0.38,31-Jul,0.38,,,,
17545230,Spacey,GPT2 + NN,,,0.287775208833936,2.09152808753991,0.979459552761513,534.641237150864,0.118781839240536,0.863297273131664,3.07098764030142,0.982079112372201,0.102544037913919,3-Aug,0.568227627967919,,,,
17561676,-empty,doc2vec/TF-IDF/TF-IDF bi/GPT2 + NN,"50 epochs [500TF-IDF+500TF-IDFbi+800doc2vec+768GPT2,1600,800] ReLU Adam 1e-5",,0.442205577081185,1.06916162088748,1.99483536300084,534.49379743903,0.14432311108871,0.348943431246684,3.06399698388832,0.493266542335393,0.050360601591491,4-Aug,0.080848889002687,,,,
,-empty,===RUBINOVITZ===,300000 articles,,,,,,0.4173,0.8216,,1.2389,0.34285368,,0.700557940043229,,,,
17564845,-empty,doc2vec/TF-IDF/TF-IDF bi + NN,"50 epochs [500TF-IDF+500TF-IDFbi+800doc2vec,1600,800] ReLU Adam 1e-5",,0.3958737412049,1.0870402587315,1.98055425594251,534.536531744121,0.129050218114296,0.354362433995622,3.06759451467401,,,,,,,,
,-empty,GPT2 + NN,On all corpus; GPT; ReLU (512); epochs = 10; 1024 matrix,Haimoshri,325788,456318,335318,117323814,0.41,0.57,,,,,,,,,
,-empty,GPT2 + NN,,Jamie,,,,,0.6483,0.3671,,,,10-Aug,,,,,
,-empty,GPT2 + NN,On all corpus; GPT; ReLU (1024); ReLU (512); epochs = 10; 1024 matrix,Haimoshri,,,,,0.41,0.55,,,,,,,,,
,-empty,GPT2 + NN,On all corpus; GPT; ReLU (1024); ReLU (512); epochs = 20; 1024 matrix,Haimoshri,,,,,0.47,0.54,,,,,,,,,
,-empty,GPT2 + NN,On all corpus; GPT; ReLU (1024); ReLU (512); ReLU (512) ; epochs = 20; 1024 matrix,Haimoshri,,,,,0.4,0.56,,,,,,,,,
17573234,-empty,doc2vec/TF-IDF/TF-IDF bi + NN,"50 epochs [500TF-IDF+500TF-IDFbi+800doc2vec,1600,800] ReLU Adam 1e-5",tests GPT2,0.405521664675609,1.07502577776162,1.98837161766242,534.5310809399,0.132376447561573,0.350925994573033,3.06339739542404,,,,,,,,
17573235,-empty,TF-IDF/TF-IDF bi/GPT2 + NN,"50 epochs [500TF-IDF+500TF-IDFbi+768GPT2,1600,800] ReLU Adam 1e-5",tests doc2vec,0.431944438135643,1.21359430572652,1.85239222170237,534.502069034435,0.140882692820528,0.395825061483303,3.06598652742889,,,,,,,,
17573236,-empty,doc2vec/TF-IDF/GPT2 + NN,"50 epochs [500TF-IDF+800doc2vec+768GPT2,1600,800] ReLU Adam 1e-5",tests TF-IDFbi,0.423727350772878,1.14752601623431,1.91567605870516,534.513070574287,0.138328239667718,0.374616492206766,3.06320207493947,,,,,,,,
17573237,-empty,doc2vec/TF-IDF bi/GPT2 + NN,"50 epochs [500TF-IDFbi+800doc2vec+768GPT2,1600,800] ReLU Adam 1e-5",tests TF-IDF,0.399725642854222,1.21452094244404,1.8518743953014,534.5338790194,0.130356851882028,0.396074481164915,3.06639533774544,,,,,,,,
17573349,-empty,doc2vec/TF-IDF/TF-IDF bi/distilbert + NN,"50 epochs [500TF-IDF+500TF-IDFbi+800doc2vec+768distilbert,1600,800] ReLU Adam 1e-5",,0.423641046372716,1.03445362501192,2.02698602322951,534.514919305385,0.138379682453014,0.337897768328093,3.06143964824143,,,,,,,,
,-empty,BERT + NN,Jamie,,,,,,0.92,0.38,,,,,,,,,
17615962,-empty,doc2vec/TF-IDF/TF-IDF bi/distilbert + NN,"50 epochs [500TF-IDF+500TF-IDFbi+800doc2vec+768distilbert,1024,256,128,256] ReLU+BatchNorm Adam 1e-5",,0.453647723607887,1.18003097873732,1.87985064796435,534.48647064969,0.148256625239744,0.38564595716381,3.05988162670167,,,11-Aug,,,,,
17621052,-empty,doc2vec/TF-IDF/TF-IDF bi/distilbert + NN,"100 epochs [500TF-IDF+500TF-IDFbi+800doc2vec+768distilbert,1024,256,128,256] ReLU+BatchNorm Adam 1e-5",,0.513461215256801,1.10874354420375,1.96069061689476,534.417104623644,0.167282042326994,0.361220826384152,3.06943416109851,,,,,,,,
17615963,-empty,doc2vec/TF-IDF/TF-IDF bi/distilbert + NN,"50 epochs [500TF-IDF+500TF-IDFbi+800doc2vec+768distilbert,1200,800] ReLU Adam 1e-5",(reverse order),"voided, I messed up",,,,,,,,,,,,,,
17615964,-empty,doc2vec/TF-IDF/TF-IDF bi + NN,"50 epochs [500TF-IDF+500TF-IDFbi+800doc2vec+768distilbert,1200,800] ReLU Adam 1e-5",(reverse order),,,,,,,,,,,,,,,
17615965,-empty,TF-IDF/TF-IDF bi/distilbert + NN,"50 epochs [500TF-IDF+500TF-IDFbi+800doc2vec+768distilbert,1200,800] ReLU Adam 1e-5",(reverse order),,,,,,,,,,,,,,,
17615966,-empty,doc2vec/TF-IDF/distilbert + NN,"50 epochs [500TF-IDF+500TF-IDFbi+800doc2vec+768distilbert,1200,800] ReLU Adam 1e-5",(reverse order),,,,,,,,,,,,,,,
17615967,-empty,doc2vec/TF-IDF bi/distilbert + NN,"50 epochs [500TF-IDF+500TF-IDFbi+800doc2vec+768distilbert,1200,800] ReLU Adam 1e-5",(reverse order),,,,,,,,,,,,,,,
,-empty,doc2vec/GPT2 + NN,Jamie,,,,,,0.5325,0.2245,,,,,,,,,
17650222,-empty,doc2vec/TF-IDF/distilbert + NN,"50 epochs [500TF-IDFbi+800doc2vec+768distilbert,1200,800] ReLU Adam 1e-5","2000, 1000",0.387597603463077,1.14729435705493,1.92233512452816,534.542772914953,0.126268530384059,0.373756625657387,3.06962948158309,,,12-Aug,,,,,
17650223,-empty,doc2vec/TF-IDF/distilbert + NN,"50 epochs [500TF-IDFbi+800doc2vec+768distilbert,1200,800] ReLU Adam 1e-5","1800, 1000",0.397472643776317,1.13547973890647,1.92144936884229,534.545598248474,0.130023507175484,0.371444576855981,3.05692910774876,,,,,,,,
17650224,-empty,doc2vec/TF-IDF/distilbert + NN,"50 epochs [500TF-IDFbi+800doc2vec+768distilbert,1200,800] ReLU Adam 1e-5","1600, 1000",0.395619370341265,1.13320402814431,1.92800396091773,534.543172640596,0.129236357593096,0.370181977896747,3.06120798906204,,,,,,,,
17650260,-empty,doc2vec/TF-IDF/distilbert + NN,"50 epochs [500TF-IDFbi+800doc2vec+768distilbert,1200,800] ReLU Adam 1e-5","1400, 1000",0.397041121775508,1.13825964905905,1.92347070874081,534.541228520424,0.129678670351892,0.371770050278691,3.06173035779986,,,,,,,,
17650289,-empty,doc2vec/TF-IDF/distilbert + NN,"50 epochs [500TF-IDFbi+800doc2vec+768distilbert,1200,800] ReLU Adam 1e-5","1200, 1000",0.395083374592893,1.14177541778143,1.91982321224977,534.543317995375,0.129044797289077,0.372934390086853,3.0615986300312,,,,,,,,
17650319,-empty,doc2vec/TF-IDF/distilbert + NN,"50 epochs [500TF-IDFbi+800doc2vec+768distilbert,1200,800] ReLU Adam 1e-5","2000, 800",0.433048225990343,1.09726505898224,1.96721341261225,534.502473302415,0.141312210219255,0.35805931389406,3.06447847159449,,,,,,,,
17650347,-empty,doc2vec/TF-IDF/distilbert + NN,"50 epochs [500TF-IDFbi+800doc2vec+768distilbert,1200,800] ReLU Adam 1e-5","1800, 800",0.408310659501887,1.12406030406402,1.93706592293471,534.530563113499,0.133385763677643,0.367204819634668,3.06112622699873,,,,,,,,
17650398,-empty,doc2vec/TF-IDF/distilbert + NN,"50 epochs [500TF-IDFbi+800doc2vec+768distilbert,1200,800] ReLU Adam 1e-5","1600, 800",0.409864138704798,1.12997896898038,1.94088602822608,534.519270864088,0.133468628245673,0.367967647554781,3.07086499720646,,,,,,,,
17650488,-empty,doc2vec/TF-IDF/distilbert + NN,"50 epochs [500TF-IDFbi+800doc2vec+768distilbert,1200,800] ReLU Adam 1e-5","1400, 800",0.417726923793214,1.11941803580269,1.93864211382187,534.524212926582,0.136598661685742,0.366054943667515,3.05806014962456,,,,,,,,
17650534,-empty,doc2vec/TF-IDF/distilbert + NN,"50 epochs [500TF-IDFbi+800doc2vec+768distilbert,1200,800] ReLU Adam 1e-5","1200, 800",0.380157255701768,1.15485280557435,1.90329819078723,534.561691747936,0.124309511255022,0.377631061039278,3.05815099636158,,,,,,,,
17650604,-empty,doc2vec/TF-IDF/distilbert + NN,"50 epochs [500TF-IDFbi+800doc2vec+768distilbert,1200,800] ReLU Adam 1e-5","2000, 600",0.423409387193335,1.10991546711121,1.95662522541346,534.510049920282,0.138073950306769,0.361943824784996,3.06654069252467,,,,,,,,
17650704,-empty,doc2vec/TF-IDF/distilbert + NN,"50 epochs [500TF-IDFbi+800doc2vec+768distilbert,1200,800] ReLU Adam 1e-5","1800, 600",0.408946586660973,1.12301556658838,1.93792896693633,534.530108879814,0.133601436478846,0.366885304287176,3.06094453352471,,,,,,,,
17650954,-empty,doc2vec/TF-IDF/distilbert + NN,"50 epochs [500TF-IDFbi+800doc2vec+768distilbert,1200,800] ReLU Adam 1e-5","1600, 600",0.429536999604816,1.10471449141725,1.95632543118132,534.509423077796,0.140323880271439,0.360895159602962,3.06103992259857,,,,,,,,
17651038,-empty,doc2vec/TF-IDF/distilbert + NN,"50 epochs [500TF-IDFbi+800doc2vec+768distilbert,1200,800] ReLU Adam 1e-5","1400, 600",0.436077964669704,1.10608173480929,1.95989116560905,534.497949134911,0.142231513073779,0.36076044072613,3.06597290041834,,,,,,,,
17651136,-empty,doc2vec/TF-IDF/distilbert + NN,"50 epochs [500TF-IDFbi+800doc2vec+768distilbert,1200,800] ReLU Adam 1e-5","1200, 600",0.463686288047749,1.07844615741014,1.97942775640355,534.478439798138,0.151636823857611,0.352678425535582,3.05787391381369,,,,,,,,
17667565,-empty,doc2vec/TF-IDF/TF-IDF bi/distilbert + NN,"50 epochs [500TF-IDF+500TF-IDFbi+800doc2vec+768distilbert,1600,800] ReLU Adam 1e-5","2000, 600",0.431494746787432,1.01564835045037,2.04645447897125,534.506402423791,0.140914518820694,0.331683293157797,3.06210282942162,,,13-Aug,,,,,
17667566,-empty,doc2vec/TF-IDF/TF-IDF bi/distilbert + NN,,"1700, 600",0.414447356587069,1.02968871365562,2.03338163351517,534.522482296242,0.135304550536971,0.336162280636713,3.06307034717079,,,,,,,,
17667567,-empty,doc2vec/TF-IDF/TF-IDF bi/distilbert + NN,,"1400, 600",0.417504349287534,1.02852587542186,2.03146476736421,534.522505007926,0.13643974705341,0.33612059495888,3.05999064278607,,,,,,,,
17667568,-empty,doc2vec/TF-IDF/TF-IDF bi/distilbert + NN,,"1100, 600",0.373375546783798,1.07803280475673,1.98634573542704,534.562245913032,0.121843806790726,0.351794920444809,3.06437854018377,,,,,,,,
17667569,-empty,doc2vec/TF-IDF/TF-IDF bi/distilbert + NN,,"800, 600",0.453029965796203,1.01270037383432,2.05093776544281,534.483331894926,0.147873196898866,0.330554826580553,3.06363813927713,,,,,,,,
17667570,-empty,doc2vec/TF-IDF/TF-IDF bi/distilbert + NN,,"2000, 500",0.442646183755695,1.00945260298613,2.05753778088675,534.490363432371,0.144325911839586,0.32913458362769,3.06699038387288,,,,,,,,
17667571,-empty,doc2vec/TF-IDF/TF-IDF bi/distilbert + NN,,"1700, 500",0.426775258799642,1.02840777466375,2.03565734427733,534.509159622259,0.139284004168662,0.335635090881868,3.06406511894108,,,,,,,,
17667572,-empty,doc2vec/TF-IDF/TF-IDF bi/distilbert + NN,,"1400, 500",0.397617998555536,1.05082420702154,2.01395860114194,534.53759919328,0.129737741120325,0.342870693552092,3.06478280816348,,,,,,,,
17667573,-empty,doc2vec/TF-IDF/TF-IDF bi/distilbert + NN,,"1100, 500",0.395206017687859,1.06180303518948,2.00015898178977,534.542831965332,0.129069536296125,0.346772111901307,3.06196201697925,,,,,,,,
17667574,-empty,doc2vec/TF-IDF/TF-IDF bi/distilbert + NN,,"800, 500",0.4102502373371,1.04476472966282,2.01796948458103,534.527015548419,0.133949017002243,0.341121578491511,3.06273421424385,,,,,,,,
17667575,-empty,doc2vec/TF-IDF/TF-IDF bi/distilbert + NN,,"2000, 400",0.417281774781854,1.03112409210042,2.02852587542186,534.523068257695,0.136382193784007,0.337007207702072,3.05964996752228,,,,,,,,
17667576,-empty,doc2vec/TF-IDF/TF-IDF bi/distilbert + NN,,"1700, 400",0.406775349646379,1.04543245317986,2.02086749549173,534.526924701682,0.132659999496333,0.340942657495974,3.06629994867159,,,,,,,,
17667577,-empty,doc2vec/TF-IDF/TF-IDF bi/distilbert + NN,,"1400, 400",0.387225131841327,1.05978169529095,2.00065409650648,534.552339076361,0.126526141433572,0.34628457101808,3.06043579179743,,,,,,,,
17667578,-empty,doc2vec/TF-IDF/TF-IDF bi/distilbert + NN,,"1100, 400",0.378635572856811,1.08552766056025,1.98154448537594,534.554292281207,0.123451798601639,0.353929613947475,3.06707214593619,,,,,,,,
17667579,-empty,doc2vec/TF-IDF/TF-IDF bi/distilbert + NN,,"800, 400",0.391649367933827,1.07369941540124,1.98972069170705,534.544930524957,0.127847097113795,0.350490425035029,3.06342010710829,,,,,,,,
17667580,-empty,doc2vec/TF-IDF/TF-IDF bi/distilbert + NN,,"2000, 700",0.455610013127353,0.991246916888862,2.06863016747595,534.484512902507,0.148898142168979,0.323949913528841,3.05987708436481,,,,,,,,
17667581,-empty,doc2vec/TF-IDF/TF-IDF bi/distilbert + NN,,"2000, 800",0.475028503163737,0.979464095098364,2.08305208697666,534.462455314761,0.155110528376663,0.31982332071621,3.06251618207502,,,,,,,,
17667582,-empty,doc2vec/TF-IDF/TF-IDF bi/distilbert + NN,,"2000, 900",0.381410940672538,1.06617730557662,2.00212581364608,534.550285940104,0.124306799508505,0.347481087802928,3.0683031192227,,,,,,,,
17667583,-empty,doc2vec/TF-IDF/TF-IDF bi/distilbert + NN,,"2000, 1000",0.4636999150583,0.997742458585243,2.06843030465453,534.470127321702,0.151230850595759,0.325403209677921,3.06617276323977,,,,,,,,
17667584,-empty,doc2vec/TF-IDF/TF-IDF bi/distilbert + NN,,"2000, 1200",0.410686301674759,1.03994076792746,2.02255724480016,534.526815685597,0.134101736545775,0.339572716000307,3.06249801272762,,,,,,,,
17667585,-empty,doc2vec/TF-IDF/TF-IDF bi/distilbert + NN,,"2000, 1400",0.467847068602913,0.987190610081262,2.07950452189633,534.465457799419,0.152557410655038,0.321906993553892,3.06669513197759,,,,,,,,
17667586,-empty,doc2vec/TF-IDF/TF-IDF bi/distilbert + NN,,"2000, 1600",0.430704380175425,1.02448319562482,2.04645447897125,534.498357945228,0.140251749079237,0.333605987545668,3.07093767459607,,,,,,,,
17667587,-empty,doc2vec/TF-IDF/TF-IDF bi/distilbert + NN,,"2000, 1800",0.424267888858101,1.02388360716053,2.03309092395673,534.518757580024,0.138786857574191,0.334933640021633,3.05697453111726,,,,,,,,
17667588,-empty,doc2vec/TF-IDF/TF-IDF bi/distilbert + NN,,"2000, 2000",0.463277477731193,1.00276174080517,2.06279780695976,534.471162974503,0.15112330082414,0.327105614874216,3.06555954776493,,,,,,,,
,-empty,GPT2 + NN,Jamie,,,,,,0.5929,0.3374,,,,,,,,,
,-empty,Ensemble,On all corpus; GPT_1024 + Doc2Vec; ReLU (1024); ReLU (512); ReLU (512) ; epochs = 10;,,,,,,0.6,0.43,,,,,,,,,
,-empty,Trisemble,On all corpus; GPT_1024 + distilbert + Doc2Vec; ReLU (1024); ReLU (512); ReLU (512) ; epochs = 10;,,,,,,0.52,0.45,,,,,,,,,
,-empty,Trisemble,On all corpus; GPT_1024 + distilbert + Doc2Vec; ReLU (2048); ReLU (1024); ReLU (512) ; epochs = 10;,,,,,,0.46,0.51,,,,,,,,,
17621052,-empty,doc2vec/TF-IDF/TF-IDF bi/distilbert + NN,"200 epochs [500TF-IDF+500TF-IDFbi+800doc2vec+768distilbert,1024,256,128,256] ReLU+BatchNorm Adam 1e-5",,0.732215615645625,0.989897842844229,2.07647932555382,534.201407215956,0.238788503642607,0.322823249874827,3.06637716839805,,,,,,,,
17671806,-empty,doc2vec/TF-IDF/TF-IDF bi/distilbert + NN,,,,,,,,,,,,,,,,,
17671807,-empty,doc2vec/TF-IDF/TF-IDF bi/distilbert + NN,"50 epochs [500TF-IDF+500TF-IDFbi+800doc2vec+768distilbert,1600,800] ReLU Adam 1e-5","2100, 800",0.433407070601541,1.01696562813705,2.04713128716199,534.502496014099,0.141446919788189,0.331897344062239,3.06409691529904,,,,,,,,
17671808,-empty,doc2vec/TF-IDF/TF-IDF bi/distilbert + NN,,"2200, 800",0.493306866650617,0.966686501537581,2.09050151941167,534.4495051124,0.161359675384783,0.316201193683019,3.05718802094925,,,,,,,,
17671809,-empty,doc2vec/TF-IDF/TF-IDF bi/distilbert + NN,,"2300, 800",0.430958751039059,1.01513506638625,2.05503495328206,534.498871229292,0.140369669522608,0.33064457664658,3.07017001966831,,,,,,,,
17671810,-empty,doc2vec/TF-IDF/TF-IDF bi/distilbert + NN,,"2400, 800",0.37435214920668,1.07540733405707,1.99130142493107,534.558939091805,0.122069677503448,0.350671491352149,3.06670875898814,,,,,,,,
17671811,-empty,doc2vec/TF-IDF/TF-IDF bi/distilbert + NN,,"2500, 800",0.434174725529295,1.0110742172418,2.04774904497367,534.507002012255,0.141941749591255,0.330543522972128,3.05882326221547,,,,,,,,
,-empty,Trisemble,On all corpus; GPT_1024 + distilbert + Doc2Vec; ReLU (2048); ReLU (1024); ReLU (512) ; ReLU (1024); epochs = 10;,,,,,,0.49,0.39,,,,,,,,,
,-empty,Trisemble,"On all corpus; GPT_1024 + distilbert + Doc2Vec; CNN (5), Maxpool (4); CNN (3), Maxpool (4); epochs = 10;",,,,,,0.59,0.36,,,,,,,,,
,-empty,Trisemble,On all corpus; GPT_1024 + distilbert + Doc2Vec; CNN (5) + Maxpool (4) + ReLU (1024); CNN (3) + Maxpool (4) + ReLU (1024) ; Linear (1024); epochs = 10;,,,,,,0.48,0.37,,,,,,,,,
,-empty,Trisemble,On all corpus; GPT_1024 + distilbert + Doc2Vec; CNN (5) + Maxpool (4) + ReLU (1024); CNN (3) + Maxpool (4) + ReLU (1024) ; CNN (2) + Maxpool (4) + ReLU (1024); CNN (4) + Maxpool (4) + ReLU (1024); Linear (1024); epochs = 10;,,,,,,0.46,0.37,,,,17-Aug,,,,,
,-empty,Trisemble,On all corpus; GPT_1024 + distilbert + Doc2Vec; CNN (5) + Maxpool (4) + ReLU (1024); CNN (3) + Maxpool (4) + ReLU (1024) ; CNN (2) + Maxpool (4) + ReLU (1024); CNN (4) + Maxpool (4) + ReLU (1024); Linear (1024); epochs = 30;,,,,,,0.51,0.36,,,,,,,,,
,-empty,Quinsemble,On all corpus; GPT_1024 + distilbert + Doc2Vec + tfidf + tfidf_bi; CNN (5) + Maxpool (4) + ReLU (1024); CNN (3) + Maxpool (4) + ReLU (1024) ; CNN (2) + Maxpool (4) + ReLU (1024); CNN (4) + Maxpool (4) + ReLU (1024); Linear (1024); epochs = 10;,,,,,,0.42,0.3,,,,,,,,,
17676764,-empty,doc2vec/TF-IDF/TF-IDF bi/distilbert + NN,"50 epochs [500TF-IDF+500TF-IDFbi+800doc2vec+768distilbert,1600,800] ReLU Adam 1e-5","2200, 800",0.403241411576599,1.04265708536413,2.02429241747709,534.529809085582,0.131479638384341,0.339965520918493,3.06694950284122,,,,,,,,
,-empty,LINEdoc2vec/TF-IDF/TF-IDF bi/distilbert + NN,,0.01,10.2995171495928,0.147017274507043,2.91993222833419,524.633533347566,3.35822847427102,0.047935994502305,3.06694950284123,,,,,,,,
,-empty,LINEdoc2vec/TF-IDF/TF-IDF bi/distilbert + NN,,0.05,3.420166158682,0.344945060435792,2.72200444240544,531.512884338477,1.11516872237823,0.112471711750139,3.06694950284123,,,,,,,,
,-empty,LINEdoc2vec/TF-IDF/TF-IDF bi/distilbert + NN,,0.1,2.02310686755908,0.477899260053327,2.5890502427879,532.9099436296,0.659647922368748,0.155822343866634,3.06694950284123,,,,,,,,
,-empty,LINEdoc2vec/TF-IDF/TF-IDF bi/distilbert + NN,,0.2,1.14272476618321,0.657889357758993,2.40906014508224,533.790325730976,0.37259327717153,0.214509354376237,3.06694950284123,,,,,,,,
,-empty,LINEdoc2vec/TF-IDF/TF-IDF bi/distilbert + NN,,0.3,0.770489345948917,0.796103583449541,2.27084591939169,534.16256115121,0.251223355726964,0.259575054206803,3.06694950284123,,,,,,,,
,-empty,LINEdoc2vec/TF-IDF/TF-IDF bi/distilbert + NN,,0.4,0.552643412930216,0.921349437431581,2.14560006540965,534.380407084229,0.180193189492767,0.300412327160274,3.06694950284123,,,,,,,,
,-empty,LINEdoc2vec/TF-IDF/TF-IDF bi/distilbert + NN,,0.5,0.40324141,1.04265709,2.02429242,534.529809,0.131479637563385,0.339965521636514,3.06694951,,,,,,,,
,-empty,LINEdoc2vec/TF-IDF/TF-IDF bi/distilbert + NN,,0.6,0.290582373007617,1.16951092659129,1.89743857624994,534.642468124151,0.094746383250986,0.381327089183521,3.06694950284123,,,,,,,,
,-empty,LINEdoc2vec/TF-IDF/TF-IDF bi/distilbert + NN,,0.7,0.200757661786683,1.31452503054722,1.75242447229402,534.732292835372,0.065458417753765,0.428609936136684,3.06694950284123,,,,,,,,
,-empty,LINEdoc2vec/TF-IDF/TF-IDF bi/distilbert + NN,,0.8,0.124864297686588,1.49381106604104,1.5731384368002,534.808186199472,0.040712863896492,0.487067382314956,3.06694950284123,,,,,,,,
,-empty,LINEdoc2vec/TF-IDF/TF-IDF bi/distilbert + NN,,0.9,0.059872542027972,1.76133653719493,1.30561296564631,534.873177955131,0.019521854524343,0.574295903979905,3.06694950284123,,,,,,,,
,-empty,LINEdoc2vec/TF-IDF/TF-IDF bi/distilbert + NN,,0.95,0.029275361002221,1.99237795876467,1.07457154407657,534.903775136157,0.009545433002761,0.649628550101305,3.06694950284123,,,,,,,,
,-empty,LINEdoc2vec/TF-IDF/TF-IDF bi/distilbert + NN,,0.99,0.005537108620901,2.42492652770144,0.642022975139791,534.927513388538,0.001805412386403,0.790663988909821,3.06694950284123,,,,,,,,
,-empty,TF-IDF* + NN,#191,0.99,0.00268368127782,2.34686311069916,0.06949189686329,535.58096131116,0.001110632034375,0.971241023506148,2.41635500756245,,,,,,,,
,-empty,TF-IDF* + NN,,0.95,0.020050368422376,2.13783056522567,0.278524442336779,535.563594624015,0.008297774275562,0.884733641594433,2.41635500756245,,,,,,,,
,-empty,TF-IDF* + NN,,0.9,0.045044171166413,1.98122141627956,0.435133591282886,535.538600821271,0.018641371414978,0.819921497494759,2.41635500756245,,,,,,,,
,-empty,TF-IDF* + NN,,0.8,0.104246826825316,1.77239005708661,0.643964950475842,535.479398165612,0.043142181715458,0.733497375815876,2.41635500756245,,,,,,,,
,-empty,TF-IDF* + NN,,0.7,0.180862873586756,1.60798134715771,0.808373660404744,535.402782118851,0.074849462525461,0.665457410904117,2.41635500756245,,,,,,,,
,-empty,TF-IDF* + NN,,0.6,0.274177381632411,1.47304642732685,0.943308580235604,535.309467610805,0.113467342660462,0.609615070102142,2.41635500756245,,,,,,,,
,-empty,TF-IDF* + NN,,0.5,0.391440242285764,1.35239573341381,1.06395927414864,535.192204750152,0.16199616408213,0.55968420583119,2.41635500756245,,,,,,,,
,-empty,TF-IDF* + NN,,0.4,0.551559373304736,1.23421316404945,1.182141843513,535.032085619133,0.228260901886736,0.510774766202293,2.41635500756245,,,,,,,,
,-empty,TF-IDF* + NN,,0.3,0.797459304685844,1.10779992024401,1.30855508731844,534.786185687752,0.330025721464785,0.458459090976672,2.41635500756245,,,,,,,,
,-empty,TF-IDF* + NN,,0.2,1.23192107749624,0.960294450492008,1.45606055707044,534.351723914941,0.509826194263965,0.397414472412614,2.41635500756245,,,,,,,,
,-empty,TF-IDF* + NN,,0.1,2.43629041239595,0.740976256426285,1.67537875113616,533.147354580042,1.00825019699966,0.3066504110974,2.41635500756245,,,,,,,,
,-empty,TF-IDF* + NN,,0.05,4.28119734577814,0.577799812465646,1.8385551950968,531.302447646659,1.7717584263816,0.239120415111732,2.41635500756245,,,,,,,,
,-empty,TF-IDF* + NN,,0.01,15.4775228220687,0.294540307312043,2.1218147002504,520.106122170369,6.4053182473721,0.121894467654886,2.41635500756245,,,,,,,,
,-empty,Quinsemble,On all corpus; GPT_1024 + distilbert + Doc2Vec + tfidf + tfidf_bi; CNN (5) + Maxpool (3) + ReLU (1024); CNN (3) + Maxpool (3) + ReLU (1024) ; CNN (2) + Maxpool (3) + ReLU (1024); CNN (4) + Maxpool (3) + ReLU (1024); Linear (1024); epochs = 5; weight = 3,,,,,,0.33,0.32,,,,20-Aug,,,,,
,-empty,Quinsemble,On all corpus; GPT_1024 + distilbert + Doc2Vec + tfidf + tfidf_bi; CNN (5) + Maxpool (3) + ReLU (1024); CNN (3) + Maxpool (3) + ReLU (1024) ; CNN (2) + Maxpool (3) + ReLU (1024); CNN (4) + Maxpool (3) + ReLU (1024); Linear (1024); epochs = 5; weight = 1,,,,,,0.12,0.46,,,,,,,,,
,-empty,Quinsemble,On all corpus; GPT_1024 + distilbert + Doc2Vec + tfidf + tfidf_bi; CNN (5) + Maxpool (3) + ReLU (1024); CNN (3) + Maxpool (3) + ReLU (1024) ; CNN (2) + Maxpool (3) + ReLU (1024); CNN (4) + Maxpool (3) + ReLU (1024); Linear (1024); epochs = 5; weight = 2,,,,,,0.25,0.37,,,,,,,,,
,-empty,Quinsemble,On all corpus; GPT_1024 + distilbert + Doc2Vec + tfidf + tfidf_bi; CNN (5) + Maxpool (3) + ReLU (1024); CNN (3) + Maxpool (3) + ReLU (1024) ; CNN (2) + Maxpool (3) + ReLU (1024); CNN (4) + Maxpool (3) + ReLU (1024); MaxPool(3) + ReLU (1024); Linear (1024); epochs = 5; weight = 2,,,,,,0.24,0.37,,,,,,,,,
,-empty,Quinsemble,On all corpus; GPT_1024 + distilbert + Doc2Vec + tfidf + tfidf_bi; CNN (5) + Maxpool (3) + ReLU (1024); CNN (3) + Maxpool (3) + ReLU (1024) ; CNN (2) + Maxpool (3) + ReLU (1024); CNN (4) + Maxpool (3) + ReLU (1024); ReLU (1024); Linear (1024); epochs = 5; weight = 2,,,,,,0.22,0.37,,,,,,,,,
,-empty,BERT + LSTM RNN,,,,,,,0.597262710977561,0.162094551833082,,,,21-Aug,,,,,
